Nama Kolom,Tipe Data (dtype),Jumlah Missing,Missing (%),Jumlah Unik,Sampel Nilai
order_id,str,0,0.0,250,"000001, 000002, 000003"
customer_id,str,0,0.0,68,"C060, C063, C016"
order_date,datetime64[us],0,0.0,37,"2026-09-24 00:00:00, 2026-09-11 00:00:00, 2026-09-23 00:00:00"
channel,str,0,0.0,2,"Offline, Online"
coupon_code,str,132,52.8,3,"AKHIRBULAN25, GAJIAN10, HEMAT50K"
total_amount,float64,0,0.0,195,"322000.0, 64000.0, 300000.0"
customer_name,str,79,31.6,50,"Pelanggan 060, Pelanggan 016, Pelanggan 009"
membership_tier,str,79,31.6,4,"Bronze, Platinum, Silver"
city,str,79,31.6,7,"Medan, Surabaya, Yogyakarta"
tracking_number,str,124,49.6,126,"TRK9913496116, TRK4536263590, TRK2730706111"
delivery_status,str,124,49.6,4,"Pending Pickup, In Transit, Returned"
delivery_delivered_at,datetime64[us],178,71.2,32,"2026-09-15 00:00:00, 2026-09-19 00:00:00, 2026-09-23 00:00:00"
courier_name,str,124,49.6,4,"JNE, AnterAja, J&T"
courier_service,str,124,49.6,3,"REG, EZ, BEST"
destination_city,str,124,49.6,7,"Surabaya, Medan, Denpasar"
pakai_kupon,bool,0,0.0,2,"True, False"
tier_analisis,str,0,0.0,5,"Bronze, Non-Member / Nonaktif, Platinum"
status_kirim_analisis,str,0,0.0,6,"Non-Pengiriman (Offline), Pending Pickup, In Transit"
