order_id,customer_id,order_date,channel,coupon_code,total_amount
000001,C060,2026-09-24,Offline,AKHIRBULAN25,322000.0
000002,C063,2026-09-11,Offline,GAJIAN10,64000.0
000003,C016,2026-09-23,Offline,AKHIRBULAN25,300000.0
000004,C063,2026-09-08,Offline,,238000.0
000005,C009,2026-09-19,Online,,195000.0
000006,C037,2026-09-17,Online,GAJIAN10,783000.0
000007,C033,2026-09-03,Online,HEMAT50K,134000.0
000008,C023,2026-09-03,Online,,1142000.0
000009,C002,2026-08-27,Offline,,183000.0
000010,C055,2026-08-30,Offline,,79000.0
000011,C024,2026-09-10,Offline,GAJIAN10,232000.0
000012,C047,2026-09-11,Online,,93000.0
000013,C029,2026-08-31,Offline,GAJIAN10,120000.0
000014,C027,2026-09-09,Online,GAJIAN10,302000.0
000015,C063,2026-09-16,Online,,343000.0
000016,C007,2026-09-02,Offline,,134000.0
000017,C052,2026-09-06,Offline,,484000.0
000018,C053,2026-09-07,Offline,,555000.0
000019,C027,2026-09-12,Online,,693000.0
000020,C019,2026-09-07,Offline,GAJIAN10,336000.0
000021,C001,2026-09-21,Online,GAJIAN10,654000.0
000022,C066,2026-09-06,Offline,GAJIAN10,49000.0
000023,C067,2026-09-10,Offline,AKHIRBULAN25,170000.0
000024,C017,2026-09-08,Online,,110000.0
000025,C003,2026-08-31,Online,GAJIAN10,242000.0
000026,C009,2026-09-19,Online,,139000.0
000027,C005,2026-09-02,Offline,,192000.0
000028,C059,2026-09-04,Online,,990000.0
000029,C063,2026-09-23,Offline,HEMAT50K,192000.0
000030,C011,2026-09-29,Offline,,306000.0
000031,C053,2026-09-18,Offline,,182000.0
000032,C013,2026-09-27,Online,,233000.0
000033,C026,2026-09-25,Offline,,221000.0
000034,C042,2026-09-11,Online,,314000.0
000035,C051,2026-09-22,Offline,,558000.0
000036,C062,2026-09-06,Offline,AKHIRBULAN25,821000.0
000037,C004,2026-09-11,Offline,,281000.0
000038,C014,2026-09-13,Offline,AKHIRBULAN25,352000.0
000039,C020,2026-09-29,Online,,87000.0
000040,C022,2026-09-25,Online,,205000.0
000041,C070,2026-09-12,Online,,466000.0
000042,C055,2026-09-18,Online,HEMAT50K,439000.0
000043,C023,2026-09-01,Online,AKHIRBULAN25,260000.0
000044,C069,2026-09-23,Online,,446000.0
000045,C035,2026-09-14,Online,AKHIRBULAN25,325000.0
000046,C036,2026-09-13,Online,AKHIRBULAN25,574000.0
000047,C031,2026-09-22,Online,GAJIAN10,277000.0
000048,C011,2026-09-17,Offline,AKHIRBULAN25,165000.0
000049,C066,2026-08-27,Offline,,287000.0
000050,C001,2026-09-04,Online,,25000.0
000051,C013,2026-08-31,Online,GAJIAN10,298000.0
000052,C017,2026-09-21,Online,AKHIRBULAN25,25000.0
000053,C020,2026-08-26,Offline,AKHIRBULAN25,55000.0
000054,C010,2026-09-01,Online,HEMAT50K,315000.0
000055,C002,2026-09-16,Online,AKHIRBULAN25,322000.0
000056,C048,2026-09-19,Online,,87000.0
000057,C068,2026-09-12,Online,GAJIAN10,124000.0
000058,C009,2026-09-25,Online,GAJIAN10,658000.0
000059,C021,2026-09-28,Offline,HEMAT50K,149000.0
000060,C036,2026-08-29,Offline,HEMAT50K,1322000.0
000061,C065,2026-09-29,Offline,AKHIRBULAN25,219000.0
000062,C049,2026-09-16,Offline,AKHIRBULAN25,305000.0
000063,C054,2026-09-17,Offline,,801000.0
000064,C041,2026-08-28,Online,AKHIRBULAN25,244000.0
000065,C030,2026-09-17,Offline,,99000.0
000066,C014,2026-09-20,Online,,201000.0
000067,C061,2026-09-15,Online,GAJIAN10,214000.0
000068,C057,2026-08-28,Offline,HEMAT50K,74000.0
000069,C002,2026-09-13,Online,,179000.0
000070,C051,2026-09-28,Online,,121000.0
000071,C006,2026-09-20,Offline,GAJIAN10,460000.0
000072,C052,2026-08-30,Offline,GAJIAN10,226000.0
000073,C058,2026-09-29,Offline,GAJIAN10,175000.0
000074,C010,2026-09-29,Online,,202000.0
000075,C031,2026-08-31,Online,,263000.0
000076,C009,2026-09-23,Offline,GAJIAN10,360000.0
000077,C040,2026-09-09,Online,GAJIAN10,99000.0
000078,C065,2026-09-15,Offline,,95000.0
000079,C006,2026-09-10,Online,AKHIRBULAN25,532000.0
000080,C028,2026-09-22,Online,,158000.0
000081,C069,2026-09-30,Online,,71000.0
000082,C022,2026-09-23,Offline,AKHIRBULAN25,313000.0
000083,C010,2026-09-28,Online,AKHIRBULAN25,318000.0
000084,C035,2026-09-29,Online,AKHIRBULAN25,65000.0
000085,C036,2026-08-28,Online,,264000.0
000086,C047,2026-09-03,Online,AKHIRBULAN25,396000.0
000087,C022,2026-09-20,Online,AKHIRBULAN25,296000.0
000088,C067,2026-09-15,Offline,AKHIRBULAN25,364000.0
000089,C037,2026-08-26,Online,AKHIRBULAN25,71000.0
000090,C021,2026-08-28,Offline,,286000.0
000091,C068,2026-09-13,Offline,GAJIAN10,172000.0
000092,C065,2026-09-16,Online,,149000.0
000093,C035,2026-08-31,Online,,441000.0
000094,C002,2026-08-31,Offline,,717000.0
000095,C042,2026-08-29,Online,AKHIRBULAN25,923000.0
000096,C039,2026-09-14,Online,,629000.0
000097,C011,2026-08-25,Offline,,201000.0
000098,C045,2026-09-15,Offline,AKHIRBULAN25,291000.0
000099,C059,2026-09-11,Offline,,406000.0
000100,C008,2026-09-11,Online,,242000.0
000101,C051,2026-09-19,Offline,GAJIAN10,244000.0
000102,C010,2026-09-13,Offline,,425000.0
000103,C053,2026-09-20,Online,,210000.0
000104,C030,2026-09-22,Offline,,123000.0
000105,C001,2026-09-28,Online,,158000.0
000106,C068,2026-09-23,Online,HEMAT50K,365000.0
000107,C012,2026-09-13,Online,,220000.0
000108,C042,2026-09-12,Online,GAJIAN10,288000.0
000109,C013,2026-09-02,Online,,376000.0
000110,C066,2026-09-16,Offline,,163000.0
000111,C052,2026-08-30,Offline,GAJIAN10,402000.0
000112,C057,2026-09-28,Offline,HEMAT50K,297000.0
000113,C031,2026-09-25,Offline,GAJIAN10,82000.0
000114,C033,2026-08-29,Offline,AKHIRBULAN25,697000.0
000115,C045,2026-09-23,Online,AKHIRBULAN25,147000.0
000116,C055,2026-08-29,Online,GAJIAN10,58000.0
000117,C060,2026-09-20,Online,AKHIRBULAN25,95000.0
000118,C002,2026-08-28,Online,AKHIRBULAN25,97000.0
000119,C047,2026-09-12,Offline,,229000.0
000120,C008,2026-09-18,Online,,176000.0
000121,C021,2026-09-20,Online,,168000.0
000122,C059,2026-09-09,Online,GAJIAN10,361000.0
000123,C018,2026-09-28,Online,,288000.0
000124,C056,2026-09-22,Offline,,283000.0
000125,C033,2026-09-01,Online,AKHIRBULAN25,305000.0
000126,C017,2026-09-18,Online,AKHIRBULAN25,360000.0
000127,C024,2026-09-21,Online,,41000.0
000128,C038,2026-09-06,Online,AKHIRBULAN25,164000.0
000129,C054,2026-09-21,Offline,,38000.0
000130,C043,2026-09-27,Online,,226000.0
000131,C066,2026-09-24,Online,AKHIRBULAN25,219000.0
000132,C061,2026-09-22,Online,AKHIRBULAN25,507000.0
000133,C053,2026-09-17,Offline,,568000.0
000134,C043,2026-09-04,Offline,,258000.0
000135,C021,2026-09-23,Offline,AKHIRBULAN25,147000.0
000136,C029,2026-09-07,Offline,,324000.0
000137,C009,2026-09-13,Offline,,144000.0
000138,C027,2026-09-05,Online,,219000.0
000139,C065,2026-09-05,Online,,484000.0
000140,C030,2026-08-30,Online,GAJIAN10,141000.0
000141,C008,2026-09-29,Online,AKHIRBULAN25,419000.0
000142,C046,2026-08-30,Offline,,378000.0
000143,C068,2026-08-28,Online,GAJIAN10,102000.0
000144,C061,2026-09-28,Offline,,479000.0
000145,C020,2026-09-14,Offline,,384000.0
000146,C032,2026-09-10,Online,AKHIRBULAN25,238000.0
000147,C038,2026-09-21,Offline,,119000.0
000148,C018,2026-09-08,Offline,GAJIAN10,110000.0
000149,C019,2026-08-29,Offline,,143000.0
000150,C017,2026-09-20,Online,GAJIAN10,339000.0
000151,C070,2026-08-31,Online,,102000.0
000152,C053,2026-09-14,Online,,312000.0
000153,C059,2026-09-29,Online,HEMAT50K,81000.0
000154,C058,2026-09-28,Online,,187000.0
000155,C068,2026-09-07,Offline,,240000.0
000156,C008,2026-09-22,Offline,,1554000.0
000157,C062,2026-09-16,Online,,73000.0
000158,C005,2026-09-11,Online,,713000.0
000159,C034,2026-08-30,Online,HEMAT50K,248000.0
000160,C042,2026-09-07,Online,,305000.0
000161,C026,2026-09-18,Offline,AKHIRBULAN25,242000.0
000162,C011,2026-09-30,Online,,314000.0
000163,C014,2026-08-25,Online,,194000.0
000164,C058,2026-09-20,Offline,HEMAT50K,703000.0
000165,C023,2026-09-25,Online,AKHIRBULAN25,152000.0
000166,C022,2026-09-29,Online,,544000.0
000167,C065,2026-09-09,Offline,HEMAT50K,131000.0
000168,C011,2026-08-29,Offline,,209000.0
000169,C065,2026-09-04,Offline,AKHIRBULAN25,93000.0
000170,C065,2026-09-25,Offline,,316000.0
000171,C042,2026-09-26,Online,AKHIRBULAN25,698000.0
000172,C012,2026-09-17,Offline,AKHIRBULAN25,207000.0
000173,C011,2026-08-29,Offline,,188000.0
000174,C020,2026-08-29,Offline,,90000.0
000175,C041,2026-09-11,Offline,GAJIAN10,183000.0
000176,C011,2026-09-15,Offline,,61000.0
000177,C032,2026-08-26,Offline,,106000.0
000178,C009,2026-09-19,Online,,263000.0
000179,C038,2026-09-14,Offline,HEMAT50K,631000.0
000180,C002,2026-08-25,Online,,2079000.0
000181,C050,2026-08-28,Offline,,137000.0
000182,C004,2026-09-10,Offline,,693000.0
000183,C014,2026-09-20,Offline,,267000.0
000184,C013,2026-09-24,Offline,,195000.0
000185,C059,2026-09-09,Online,AKHIRBULAN25,311000.0
000186,C004,2026-09-04,Offline,,231000.0
000187,C031,2026-09-29,Offline,,240000.0
000188,C042,2026-09-10,Online,,158000.0
000189,C037,2026-09-05,Online,AKHIRBULAN25,72000.0
000190,C048,2026-09-10,Online,GAJIAN10,64000.0
000191,C057,2026-08-25,Offline,,370000.0
000192,C028,2026-09-05,Online,AKHIRBULAN25,176000.0
000193,C058,2026-09-13,Offline,,136000.0
000194,C023,2026-09-27,Online,HEMAT50K,221000.0
000195,C069,2026-09-21,Offline,,415000.0
000196,C036,2026-09-22,Online,,254000.0
000197,C052,2026-09-14,Offline,HEMAT50K,130000.0
000198,C062,2026-08-29,Online,GAJIAN10,586000.0
000199,C056,2026-09-08,Offline,,777000.0
000200,C060,2026-09-30,Offline,,326000.0
000201,C038,2026-08-26,Offline,HEMAT50K,479000.0
000202,C004,2026-09-26,Offline,,593000.0
000203,C035,2026-09-19,Online,,543000.0
000204,C013,2026-09-04,Online,,359000.0
000205,C063,2026-09-22,Online,AKHIRBULAN25,355000.0
000206,C017,2026-09-24,Online,HEMAT50K,333000.0
000207,C016,2026-08-26,Offline,HEMAT50K,91000.0
000208,C018,2026-08-28,Offline,AKHIRBULAN25,385000.0
000209,C045,2026-09-18,Offline,AKHIRBULAN25,74000.0
000210,C040,2026-09-30,Offline,,116000.0
000211,C067,2026-08-25,Offline,GAJIAN10,623000.0
000212,C030,2026-09-18,Offline,,430000.0
000213,C020,2026-08-30,Online,GAJIAN10,722000.0
000214,C004,2026-09-18,Online,AKHIRBULAN25,177000.0
000215,C001,2026-09-17,Offline,,87000.0
000216,C027,2026-08-28,Offline,,181000.0
000217,C065,2026-09-19,Online,GAJIAN10,238000.0
000218,C037,2026-09-27,Online,GAJIAN10,234000.0
000219,C063,2026-09-25,Offline,AKHIRBULAN25,544000.0
000220,C008,2026-08-26,Online,,165000.0
000221,C007,2026-09-03,Online,,291000.0
000222,C059,2026-09-02,Offline,GAJIAN10,100000.0
000223,C008,2026-09-10,Offline,AKHIRBULAN25,315000.0
000224,C004,2026-08-30,Online,,220000.0
000225,C029,2026-09-25,Offline,,121000.0
000226,C065,2026-09-22,Online,,182000.0
000227,C049,2026-09-23,Offline,,190000.0
000228,C007,2026-09-01,Online,AKHIRBULAN25,177000.0
000229,C059,2026-08-25,Offline,GAJIAN10,906000.0
000230,C060,2026-09-27,Online,GAJIAN10,203000.0
000231,C057,2026-09-04,Online,,181000.0
000232,C064,2026-09-18,Offline,,41000.0
000233,C017,2026-09-27,Online,,107000.0
000234,C069,2026-08-26,Online,,178000.0
000235,C023,2026-08-25,Online,,127000.0
000236,C057,2026-08-25,Offline,,664000.0
000237,C041,2026-08-30,Offline,AKHIRBULAN25,193000.0
000238,C055,2026-08-26,Offline,AKHIRBULAN25,616000.0
000239,C044,2026-09-24,Online,GAJIAN10,231000.0
000240,C045,2026-09-16,Online,,226000.0
000241,C044,2026-09-30,Online,AKHIRBULAN25,205000.0
000242,C055,2026-09-23,Offline,,220000.0
000243,C052,2026-09-29,Offline,,869000.0
000244,C010,2026-09-02,Offline,,34000.0
000245,C058,2026-09-04,Offline,AKHIRBULAN25,44000.0
000246,C038,2026-09-25,Online,GAJIAN10,142000.0
000247,C023,2026-09-03,Offline,AKHIRBULAN25,222000.0
000248,C036,2026-08-27,Online,,382000.0
000249,C068,2026-09-18,Online,,321000.0
000250,C061,2026-09-23,Online,,162000.0
